INSERT INTO PATIENT VALUES('P001', 'PATIENT 1', 'ELEPHANT ROAD', 31, '01682980422', 'A+VE', 'CURRENT', 'A@A.COM', 'INDOOR');
INSERT INTO PATIENT VALUES('P002', 'PATIENT 2', 'BANASREE', 25, '01923108331', 'B+VE', 'CURRENT', 'B@B.COM', 'INDOOR');
INSERT INTO PATIENT VALUES('P003', 'PATIENT 3', 'MOHAMMADPUR', 18, '01553467898', 'O+VE', 'FORMER', 'C@C.COM', 'OUTDOOR');
INSERT INTO PATIENT VALUES('P004', 'PATIENT 4', 'MIRPUR', 65, '01682980422', 'AB+VE', 'CURRENT', 'D@D.COM', 'INDOOR');
INSERT INTO PATIENT VALUES('P005', 'PATIENT 5', 'DHANMONDI', 2, '01682980422', 'O-VE', 'CURRENT', 'E@A.COM', 'INDOOR');
INSERT INTO PATIENT VALUES('P006', 'PATIENT 6', 'JIGATALA', 15, '01682980422', 'AB-VE', 'FORMER', 'F@A.COM', 'INDOOR');
INSERT INTO PATIENT VALUES('P007', 'PATIENT 7', 'DEMRA', 17, '01682980422', 'A+VE', 'FORMER', 'G@A.COM', 'OUTDOOR');

INSERT INTO DOCTOR VALUES('D001', 'DOCTOR 1', 'MUGDA', '01682980423', 31, 'CURRENT', 'A@GMAIL.COM', 'FCPS', 'HEART', 20000);
INSERT INTO DOCTOR VALUES('D002', 'DOCTOR 2', 'ELEPHANT ROAD', '01682980424', 35, 'CURRENT', 'Z@YAHOO.COM', 'MBBS', 'KIDNEY', 20000);
INSERT INTO DOCTOR VALUES('D003', 'DOCTOR 3', 'BASABO', '01682980425', 60, 'CURRENT', 'V@GMAIL.COM', 'MRCP', 'LUNGS', 20000);
INSERT INTO DOCTOR VALUES('D004', 'DOCTOR 4', 'SHAMOLI', '01682980426', 75, 'CURRENT', 'X@HOTMAIL.COM', 'FCPS', 'CHILD', 20000);
INSERT INTO DOCTOR VALUES('D005', 'DOCTOR 5', 'PANTHAPATH', '01682980427', 50, 'FORMER', 'Y@LIVE.COM', 'MBBS', 'SKIN', NULL);



INSERT INTO PDHISTORY VALUES('P001', 'D001', '16-OCT-2014', NULL, 'SERIOUS CONDITION');
INSERT INTO PDHISTORY VALUES('P001', 'D001', '06-OCT-2013', '26-OCTMAR-2013', 'SERIOUS CONDITION');
INSERT INTO PDHISTORY VALUES('P001', 'D002', '16-OCT-2004', NULL, 'MINOR CONDITION');
INSERT INTO PDHISTORY VALUES('P002', 'D002', '16-OCT-1994', NULL, 'MINOR CONDITION');
INSERT INTO PDHISTORY VALUES('P003', 'D003', '16-OCT-2014', '16-OCT-2014', 'MINOR BRUISE');
INSERT INTO PDHISTORY VALUES('P004', 'D003', '16-OCT-2014', NULL, 'PROLONGED TREATMENT NEEDED');
INSERT INTO PDHISTORY VALUES('P005', 'D004', '16-OCT-2014', '16-OCT-2014', 'SERIOUS CONDITION');
INSERT INTO PDHISTORY VALUES('P005', 'D005', '01-OCT-2014', '21-OCT-2014', 'SURGERY REQUIRED');
INSERT INTO PDHISTORY VALUES('P006', 'D004', '16-OCT-2014', '17-OCT-2014', NULL);
INSERT INTO PDHISTORY VALUES('P007', 'D002', '30-OCT-2014', '30-OCT-2014', 'MINOR CUT');



INSERT INTO PDAPPOINT VALUES('P001', 'D001', '01-DEC-2014');
INSERT INTO PDAPPOINT VALUES('P001', 'D002', '01-DEC-2014');
INSERT INTO PDAPPOINT VALUES('P002', 'D002', '01-DEC-2014');
INSERT INTO PDAPPOINT VALUES('P003', 'D003', '01-DEC-2014');
INSERT INTO PDAPPOINT VALUES('P004', 'D004', '16-DEC-2015');
INSERT INTO PDAPPOINT VALUES('P006', 'D003', '01-DEC-2014');
INSERT INTO PDAPPOINT VALUES('P007', 'D001', '01-DEC-2014');


INSERT INTO MEDICINE VALUES('MED001', 'NAPA', 'PARACETAMOL', '5 MG', 'BEXIMCO', 'REMOVES MINOR DISCOMFORT');
INSERT INTO MEDICINE VALUES('MED002', 'TUFNIL', 'PAINKILLER', '5 MG', 'BEXIMCO', 'REMOVES HEADACHE');
INSERT INTO MEDICINE VALUES('MED003', 'TUSHKA', 'FEVER-REPELLENT', '10 MG', 'GLAXO-SMITH-KLINE', 'CURES FEVER');
INSERT INTO MEDICINE VALUES('MED004', 'ACE', 'PARACETAMOL', '0.1 MG', 'ACME', 'TAKE AFTER REMOVES MINOR DISCOMFORT');	
INSERT INTO MEDICINE VALUES('MED005', 'ANTACID', 'ANTI-GASTRONE', '2 MG', 'SQUARE', 'FIGHTS ACIDITY');


INSERT INTO PRES VALUES('PRES001', 'MED001', '16-OCT-2014', '1+1+1', 'TAKE AFTER MEAL', 30, '16-OCT-2014');
INSERT INTO PRES VALUES('PRES002', 'MED002', '17-OCT-2014', '0+1+1', 'TAKE BEFORE MEAL', 60, '17-OCT-2014');
INSERT INTO PRES VALUES('PRES003', 'MED003', '06-OCT-2013', '1+0+1', 'TAKE BEFORE MEAL', 90, '06-OCT-2013');
INSERT INTO PRES VALUES('PRES004', 'MED003', '16-OCT-2014', '1+0+2', 'TAKE AFTER MEAL', 120, '16-OCT-2014');
INSERT INTO PRES VALUES('PRES005', 'MED003', '16-OCT-1994', '0+0+2', 'TAKE AFTER MEAL', 150, '16-OCT-1994');
INSERT INTO PRES VALUES('PRES006', 'MED003', '16-SEP-2014', '0+2+0', 'TAKE 2 HOURS AFTER MEAL', 30, '16-OCT-2014');
INSERT INTO PRES VALUES('PRES007', 'MED002', '16-SEP-2014', '1+1+0', 'TAKE BEFORE MEAL', 7, '23-SEP-2014');
INSERT INTO PRES VALUES('PRES008', 'MED003', '17-OCT-2014', '1+2+1', 'TAKE AFTER MEAL', 7, '24-NOV-2014');
INSERT INTO PRES VALUES('PRES009', 'MED005', '16-OCT-2014', '0+1+1', 'TAKE 1 HOUR BEFORE MEAL', 14, '30-NOV-2014');
INSERT INTO PRES VALUES('PRES010', 'MED005', '01-OCT-2014', '0+1+1', 'TAKE AFTER MEAL', 21, '22-OCT-2014');
INSERT INTO PRES VALUES('PRES011', 'MED001', '16-OCT-2014', '1+1+0', 'TAKE AFTER MEAL', 30, '16-OCT-2014');
INSERT INTO PRES VALUES('PRES012', 'MED002', '17-OCT-2014', '0+1+1', 'TAKE BEFORE MEAL', 60, '17-OCT-2014');
INSERT INTO PRES VALUES('PRES013', 'MED002', '06-OCT-2013', '1+0+1', 'TAKE BEFORE MEAL', 90, '06-OCT-2013');
INSERT INTO PRES VALUES('PRES014', 'MED004', '16-OCT-2014', '1+0+2', 'TAKE AFTER MEAL', 120, '16-OCT-2014');
INSERT INTO PRES VALUES('PRES015', 'MED004', '16-OCT-1994', '0+0+2', 'TAKE AFTER MEAL', 150, '16-OCT-1994');

INSERT INTO DOCPRESCRIBES VALUES('P001', 'D001', 'PRES001');
INSERT INTO DOCPRESCRIBES VALUES('P001', 'D001', 'PRES002');
INSERT INTO DOCPRESCRIBES VALUES('P001', 'D001', 'PRES003');
INSERT INTO DOCPRESCRIBES VALUES('P001', 'D002', 'PRES004');
INSERT INTO DOCPRESCRIBES VALUES('P002', 'D002', 'PRES005');
INSERT INTO DOCPRESCRIBES VALUES('P003', 'D003', 'PRES006');
INSERT INTO DOCPRESCRIBES VALUES('P004', 'D003', 'PRES007');
INSERT INTO DOCPRESCRIBES VALUES('P004', 'D003', 'PRES008');
INSERT INTO DOCPRESCRIBES VALUES('P005', 'D004', 'PRES009');
INSERT INTO DOCPRESCRIBES VALUES('P005', 'D005', 'PRES010');
INSERT INTO DOCPRESCRIBES VALUES('P006', 'D001', 'PRES011');
INSERT INTO DOCPRESCRIBES VALUES('P004', 'D001', 'PRES012');
INSERT INTO DOCPRESCRIBES VALUES('P005', 'D001', 'PRES013');
INSERT INTO DOCPRESCRIBES VALUES('P006', 'D002', 'PRES014');
INSERT INTO DOCPRESCRIBES VALUES('P007', 'D002', 'PRES015');

INSERT INTO NURSE VALUES('N001', 'NURSE 1', 'DHANMONDI', 20, '01924567890', 'CURRENT', 'N@NURSE.COM', 'HSC', 8000);
INSERT INTO NURSE VALUES('N002', 'NURSE 2', 'JIGATALA', 30, '01924566690', 'CURRENT', 'M@NURSE.COM', 'BACHELOR', 10000);
INSERT INTO NURSE VALUES('N003', 'NURSE 3', 'ELEPHANT ROAD', 50, '01924557890', 'CURRENT', 'O@NURSE.COM', 'HSC', 15000);
INSERT INTO NURSE VALUES('N004', 'NURSE 4', 'KAKRAIL', 18, '01924367790', 'CURRENT', 'P@NURSE.COM', 'SSC', 5000);
INSERT INTO NURSE VALUES('N005', 'NURSE 5', 'MALIBAG', 18, '01924589890', 'FORMER', 'Q@NURSE.COM', 'SSC', NULL);


INSERT INTO BLOCK VALUES('BLOCK001', 'TYPE1', 'BLOCK 1', 2);
INSERT INTO BLOCK VALUES('BLOCK002', 'TYPE2', 'BLOCK 2', 2);
INSERT INTO BLOCK VALUES('BLOCK003', 'TYPE3', 'BLOCK 3', 1);
INSERT INTO BLOCK VALUES('BLOCK004', 'TYPE4', 'BLOCK 4', 2);
INSERT INTO BLOCK VALUES('BLOCK005', 'TYPE5', 'BLOCK 5', 1);

INSERT INTO WARD VALUES('W001', 'BLOCK001', 'CCU', 'WARD 1', 5);
INSERT INTO WARD VALUES('W002', 'BLOCK001', 'CCU', 'WARD 2', 10);
INSERT INTO WARD VALUES('W003', 'BLOCK002', 'MATERNITY', 'WARD 3', 20);
INSERT INTO WARD VALUES('W004', 'BLOCK002', 'GAINEY', 'WARD 4', 20);
INSERT INTO WARD VALUES('W005', 'BLOCK003', 'HEART', 'WARD 5', 10);
INSERT INTO WARD VALUES('W006', 'BLOCK004', 'BRAIN', 'WARD 6', 10);
INSERT INTO WARD VALUES('W007', 'BLOCK004', 'PATHOLOGY', 'WARD 7', 20);
INSERT INTO WARD VALUES('W008', 'BLOCK005', 'CHILD', 'WARD 8', 30);



INSERT INTO BED VALUES('BED001', 'W001', 100, 'NOT AVAILABLE');
INSERT INTO BED VALUES('BED002', 'W001', 100, 'NOT AVAILABLE');
INSERT INTO BED VALUES('BED003', 'W002', 500, 'AVAILABLE');
INSERT INTO BED VALUES('BED004', 'W002', 500, 'AVAILABLE');
INSERT INTO BED VALUES('BED005', 'W002', 500, 'AVAILABLE');
INSERT INTO BED VALUES('BED006', 'W002', 300, 'AVAILABLE');
INSERT INTO BED VALUES('BED007', 'W002', 500, 'AVAILABLE');
INSERT INTO BED VALUES('BED008', 'W003', 200, 'AVAILABLE');
INSERT INTO BED VALUES('BED009', 'W003', 200, 'AVAILABLE');
INSERT INTO BED VALUES('BED010', 'W003', 500, 'AVAILABLE');

INSERT INTO PATIENTBED(PID, BEDID, STARTDATE, ENDDATE) VALUES('P001', 'BED001', '16-OCT-2014', NULL);
INSERT INTO PATIENTBED(PID, BEDID, STARTDATE, ENDDATE) VALUES('P001', 'BED002', '14-OCT-2014', '16-OCT-2014');
INSERT INTO PATIENTBED(PID, BEDID, STARTDATE, ENDDATE) VALUES('P002', 'BED002', '16-OCT-2014', '20-OCT-2014');
INSERT INTO PATIENTBED(PID, BEDID, STARTDATE) VALUES('P002', 'BED002', '20-OCT-2014');


INSERT INTO NURSESCHEDULE VALUES('W001', 'N001', '16-NOV-2014', '16-NOV-2014');
INSERT INTO NURSESCHEDULE VALUES('W001', 'N001', '16-NOV-2013', '16-NOV-2013');
INSERT INTO NURSESCHEDULE VALUES('W001', 'N002', '16-NOV-2014', '16-NOV-2014');
INSERT INTO NURSESCHEDULE VALUES('W002', 'N002', '17-NOV-2014', '17-NOV-2014');
INSERT INTO NURSESCHEDULE VALUES('W002', 'N002', '18-NOV-2014', '18-NOV-2014');
INSERT INTO NURSESCHEDULE VALUES('W002', 'N004', '10-NOV-2014', '10-NOV-2014');
INSERT INTO NURSESCHEDULE VALUES('W003', 'N003', '15-NOV-2014', '15-NOV-2014');
INSERT INTO NURSESCHEDULE VALUES('W005', 'N005', '15-NOV-2014', '15-NOV-2014');

INSERT INTO DOCSCHEDULE VALUES('W001', 'D001', '16-NOV-2014', '16-NOV-2014');
INSERT INTO DOCSCHEDULE VALUES('W001', 'D001', '17-NOV-2014', '17-NOV-2014');
INSERT INTO DOCSCHEDULE VALUES('W001', 'D002', '16-NOV-2014', '16-NOV-2014');
INSERT INTO DOCSCHEDULE VALUES('W002', 'D002', '20-NOV-2014', '20-NOV-2014');
INSERT INTO DOCSCHEDULE VALUES('W002', 'D003', '20-NOV-2014', '20-NOV-2014');
INSERT INTO DOCSCHEDULE VALUES('W004', 'D004', '20-NOV-2014', '20-NOV-2014');
INSERT INTO DOCSCHEDULE VALUES('W005', 'D004', '21-NOV-2014', '21-NOV-2014');
INSERT INTO DOCSCHEDULE VALUES('W006', 'D004', '22-NOV-2014', '22-NOV-2014');
INSERT INTO DOCSCHEDULE VALUES('W007', 'D004', '23-NOV-2014', '23-NOV-2014');
INSERT INTO DOCSCHEDULE VALUES('W008', 'D004', '04-NOV-2014', '04-NOV-2014');
INSERT INTO DOCSCHEDULE VALUES('W003', 'D001', '18-NOV-2014', '19-NOV-2014');
INSERT INTO DOCSCHEDULE VALUES('W004', 'D001', '20-NOV-2014', '21-NOV-2014');
INSERT INTO DOCSCHEDULE VALUES('W005', 'D005', '16-NOV-2014', '16-NOV-2014');
INSERT INTO DOCSCHEDULE VALUES('W006', 'D002', '21-NOV-2014', '22-NOV-2014');
INSERT INTO DOCSCHEDULE VALUES('W007', 'D005', '20-NOV-2014', '20-NOV-2014');


INSERT INTO EMP VALUES('E001', 'EMP 1', 'ELEPHANT ROAD', '01689988776', 22, 'CURRENT', 'E@EMP.COM', 'BACHELORS', 'ADMIN', 15000);
INSERT INTO EMP VALUES('E002', 'EMP 2', 'JIGATALA', '01989988776', 32, 'CURRENT', 'F@EMP.COM', 'MASTERS', 'ADMIN', 15000);
INSERT INTO EMP VALUES('E003', 'EMP 3', 'JIGATALA', '01789988776', 42, 'CURRENT', 'G@EMP.COM', 'HSC', 'RECEIPTONIST', 12000);
INSERT INTO EMP VALUES('E004', 'EMP 4', 'ELEPHANT ROAD', '01889988776', 19, 'CURRENT', 'H@EMP.COM', 'HSC', 'RECEIPTONIST', 12000);
INSERT INTO EMP VALUES('E005', 'EMP 5', 'MIRPUR', '01589988776', 25, 'FORMER', 'I@EMP.COM', 'SSC', 'RECEIPTONIST', NULL);


INSERT INTO WORKPLACE VALUES('PLACE001', 2, 'ADMINS PLACE', 'BLOCK001', 232);
INSERT INTO WORKPLACE VALUES('PLACE002', 1, 'RECEIPTION DESK 1', 'BLOCK002', 111);
INSERT INTO WORKPLACE VALUES('PLACE003', 1, 'RECEIPTION DESK 2', 'BLOCK005', 101);

INSERT INTO EMPSCHEDULE VALUES('PLACE001', 'E001', '01-NOV-2014', '01-NOV-2014');
INSERT INTO EMPSCHEDULE VALUES('PLACE001', 'E002', '02-NOV-2014', '02-NOV-2014');
INSERT INTO EMPSCHEDULE VALUES('PLACE001', 'E001', '03-NOV-2014', '03-NOV-2014');
INSERT INTO EMPSCHEDULE VALUES('PLACE001', 'E002', '04-NOV-2014', '04-NOV-2014');
INSERT INTO EMPSCHEDULE VALUES('PLACE002', 'E003', '01-NOV-2014', '01-NOV-2014');
INSERT INTO EMPSCHEDULE VALUES('PLACE002', 'E003', '01-NOV-2013', '01-NOV-2013');
INSERT INTO EMPSCHEDULE VALUES('PLACE002', 'E003', '02-NOV-2014', '02-NOV-2014');
INSERT INTO EMPSCHEDULE VALUES('PLACE003', 'E004', '01-NOV-2014', '01-NOV-2014');
INSERT INTO EMPSCHEDULE VALUES('PLACE003', 'E005', '06-NOV-2014', '06-NOV-2014');

INSERT INTO LOGIN VALUES ('P001','P001','PATIENT');
INSERT INTO LOGIN VALUES ('P002','P002','PATIENT');
INSERT INTO LOGIN VALUES ('P003','P003','PATIENT');
INSERT INTO LOGIN VALUES ('P004','P004','PATIENT');
INSERT INTO LOGIN VALUES ('P005','P005','PATIENT');
INSERT INTO LOGIN VALUES ('D001','D001','DOCTOR');
INSERT INTO LOGIN VALUES ('D002','D002','DOCTOR');
INSERT INTO LOGIN VALUES ('D003','D003','DOCTOR');
INSERT INTO LOGIN VALUES ('D004','D004','DOCTOR');
INSERT INTO LOGIN VALUES ('D005','D005','DOCTOR');
INSERT INTO LOGIN VALUES ('N001','N001','NURSE');
INSERT INTO LOGIN VALUES ('N002','N002','NURSE');
INSERT INTO LOGIN VALUES ('E001','E001','ADMIN');
INSERT INTO LOGIN VALUES ('E002','E002','RCP');
INSERT INTO LOGIN VALUES ('E003','E003','RCP');
