INSERT INTO PATIENT VALUES('P001', 'Shantonu Sarkar', 'ELEPHANT ROAD', 31, '01682980422', 'A+VE', 'CURRENT', 'A@A.COM', 'INDOOR');
INSERT INTO PATIENT VALUES('P002', 'Adbul Kawsar Tushar', 'BANASREE', 25, '01923108331', 'B+VE', 'CURRENT', 'B@B.COM', 'INDOOR');
INSERT INTO PATIENT VALUES('P003', 'Tanzeer Shovon', 'MOHAMMADPUR', 18, '01553467898', 'O+VE', 'FORMER', 'C@C.COM', 'OUTDOOR');
INSERT INTO PATIENT VALUES('P004', 'Mahmudur Rahman', 'MIRPUR', 65, '01682980422', 'AB+VE', 'CURRENT', 'D@D.COM', 'INDOOR');
INSERT INTO PATIENT VALUES('P005', 'Neebir Farhan', 'DHANMONDI', 2, '01682980422', 'O-VE', 'CURRENT', 'E@A.COM', 'INDOOR');
INSERT INTO PATIENT VALUES('P006', 'Rakin Haidar', 'JIGATALA', 15, '01682980422', 'AB-VE', 'FORMER', 'F@A.COM', 'INDOOR');
INSERT INTO PATIENT VALUES('P007', 'Md. Touhiduzzaman', 'DEMRA', 17, '01682980422', 'A+VE', 'FORMER', 'G@A.COM', 'OUTDOOR');



INSERT INTO DOCTOR VALUES('D002', 'Abdul Razzak', 'ELEPHANT ROAD', '01682980424', 35, 'CURRENT', 'Z@YAHOO.COM', 'MBBS', 'KIDNEY', 20000);
INSERT INTO DOCTOR VALUES('D001', 'Kashlaya Saha', 'MUGDA', '01682980423', 31, 'CURRENT', 'A@GMAIL.COM', 'FCPS', 'HEART', 20000);
INSERT INTO DOCTOR VALUES('D003', 'Rahul Bhakto', 'BASABO', '01682980425', 60, 'CURRENT', 'V@GMAIL.COM', 'MRCP', 'LUNGS', 20000);
INSERT INTO DOCTOR VALUES('D004', 'Manmoto Halder', 'SHAMOLI', '01682980426', 75, 'CURRENT', 'X@HOTMAIL.COM', 'FCPS', 'CHILD', 20000);
INSERT INTO DOCTOR VALUES('D005', 'Sabbir Ahmed', 'PANTHAPATH', '01682980427', 50, 'FORMER', 'Y@LIVE.COM', 'MBBS', 'SKIN', NULL);


/* SUMMARY IS THE LAST ATTRIBUTE HERE INSTEAD OF FIRST */

INSERT INTO PDHISTORY VALUES('P001', 'D001', '16-MAR-2014', NULL, 'SERIOUS CONDITION');
INSERT INTO PDHISTORY VALUES('P001', 'D001', '06-MAR-2013', '26-MAR-2013', 'SERIOUS CONDITION');
INSERT INTO PDHISTORY VALUES('P001', 'D002', '16-MAR-2004', NULL, 'MINOR CONDITION');
INSERT INTO PDHISTORY VALUES('P002', 'D002', '16-MAR-1994', NULL, 'MINOR CONDITION');
INSERT INTO PDHISTORY VALUES('P003', 'D003', '16-JAN-2014', '16-JAN-2014', 'MINOR BRUISE');
INSERT INTO PDHISTORY VALUES('P004', 'D003', '16-JAN-2014', NULL, 'PROLONGED TREATMENT NEEDED');
INSERT INTO PDHISTORY VALUES('P005', 'D004', '16-JAN-2014', '16-JAN-2014', 'SERIOUS CONDITION');
INSERT INTO PDHISTORY VALUES('P005', 'D005', '01-JAN-2014', '21-JAN-2014', 'SURGERY REQUIRED');
INSERT INTO PDHISTORY VALUES('P006', 'D004', '16-JAN-2014', '17-JAN-2014', NULL);
INSERT INTO PDHISTORY VALUES('P007', 'D002', '30-MAR-2014', '30-MAR-2014', 'MINOR CUT');

/* QUESTION: IF WE CAN INDEED FIND OUT THE TYPE OF PATIENTS (INDOOR/OUTDOOR) BY CHECKING IF STARTDATE AND ENDDATE ARE THE SAME, 
DO WE STILL THE ATTRIBUTE TO BE PRESENT IN THE PATIENT TABLE? */


/* A NEW TABLE: FOR APPOINTMENT */

CREATE TABLE PDAPPOINT
(
	PID CHAR(4),
	DID CHAR(4),
	APPOINTDATE DATE
);
ALTER TABLE PDAPPOINT ADD CONSTRAINT FK1_PDAPPOINT FOREIGN KEY(PID) REFERENCES PATIENT(PID) ON DELETE SET NULL;
ALTER TABLE PDAPPOINT ADD CONSTRAINT FK2_PDAPPOINT FOREIGN KEY(DID) REFERENCES DOCTOR(DID) ON DELETE SET NULL;
ALTER TABLE PDAPPOINT ADD CONSTRAINT PK_PDAPPOINT PRIMARY KEY(PID, DID, APPOINTDATE);



INSERT INTO PDAPPOINT VALUES('P001', 'D001', '03-APR-2014');
INSERT INTO PDAPPOINT VALUES('P001', 'D002', '01-FEB-2014');
INSERT INTO PDAPPOINT VALUES('P002', 'D002', '03-MAR-2014');
INSERT INTO PDAPPOINT VALUES('P002', 'D003', '10-APR-2014');
INSERT INTO PDAPPOINT VALUES('P002', 'D001', '16-JAN-2015');
INSERT INTO PDAPPOINT VALUES('P003', 'D003', '03-APR-2014');
INSERT INTO PDAPPOINT VALUES('P003', 'D001', '14-APR-2014');


/* QUESTION: DO WE NEED TO WRITE A TIME TRIGGER TO DELETE VALUES FROM THIS TABLE?
WHAT IF THAT TRIGGER DOES NOT WORK AS THEY ARE VERY COMPLEX?
OR DO WE JUST FOLLOW ANOTHER APPROACH? */


/* I WROTE A PROCEDURE HERE TO INSERT INTO THIS TABLE, WHICH FIRST CHECKS IF A DOCTOR ALREADY HAS CERTAIN NUMBER OF APPOINTMENTS.
IF HE DOES, THEN THE PROCEDURE GENERATES A WARNING OUTPUT AND DOES NOT INPUT INTO TABLE. 
IT ALSO CHECKS WHETHER THE PATIENT ALREADY HAS THE PARTICULAR APPOINTMENT SCHEDULED AT THAT DATE. */



INSERT INTO MEDICINE VALUES('MED001', 'NAPA', 'PARACETAMOL', '5 MG', 'REMOVES MINOR DISCOMFORT');
INSERT INTO MEDICINE VALUES('MED002', 'TUFNIL', 'PAINKILLER', '5 MG', 'REMOVES HEADACHE');
INSERT INTO MEDICINE VALUES('MED003', 'TUSHKA', 'FEVER-REPELLENT', '10 MG', 'CURES FEVER');
INSERT INTO MEDICINE VALUES('MED004', 'ACE', 'PARACETAMOL', '0.1 MG', 'TAKE AFTER REMOVES MINOR DISCOMFORT');	
INSERT INTO MEDICINE VALUES('MED005', 'ANTACID', 'ANTI-GASTRONE', '2 MG', 'FIGHTS ACIDITY');

/* question: why do we need dosage and numbertaken these two attributes in table PRES? could we not do with only one of them? */
